<?xml version="1.0" encoding="UTF-8"?>
<!DOCTYPE mapper
        PUBLIC "-//mybatis.org//DTD Mapper 3.0//EN"
        "https://mybatis.org/dtd/mybatis-3-mapper.dtd">

<mapper namespace="com.bitc.javateam1.mapper.BoardMapper">
    <select id="selectBoardList" resultType="com.bitc.javateam1.dto.BoardDTO">
        SELECT
            cm_idx, cm_nick, title, content, postdate, visitcount
        FROM
            tb_comm
        ORDER BY
            cm_idx DESC
    </select>

    <select id="selectBoardDetail" resultType="com.bitc.javateam1.dto.BoardDTO">
        SELECT
            cm_idx, cm_nick, title, content, postdate, visitcount
        FROM
            tb_comm
        WHERE
            cm_idx = #{cmIdx}
    </select>

    <insert id="insertBoard" parameterType="com.bitc.javateam1.dto.BoardDTO">
        INSERT INTO
            tb_comm(cm_id, cm_nick, title, content, postdate)
        VALUES
            (#{cmId}, #{cmNick}, #{title}, #{content}, NOW())
    </insert>

    <update id="updateBoard" parameterType="com.bitc.javateam1.dto.BoardDTO">
        UPDATE
            tb_comm
        SET
            title = #{title},
            content = #{content}
        WHERE
            cm_idx = #{cmIdx}
    </update>

    <delete id="deleteBoard">
        DELETE FROM
            tb_comm
        WHERE
            cm_idx = #{cmIdx}
    </delete>




</mapper>